City_ID,City,Cloudiness,Country,Date,Humidity,Lat,Lng,Max Temp,wind speed
0,Albany,90,US,1543888320,69,42.65,-73.75,39.92,16.11
1,Hermanus,0,ZA,1543888915,95,-34.42,19.24,42.08,2.73
2,Saint-Philippe,90,CA,1543887300,95,45.36,-73.48,32,8.66
3,Bredasdorp,0,ZA,1543885200,82,-34.53,20.04,60.8,3.36
4,Aubenas,75,FR,1543887000,100,44.62,4.39,48.2,5.23
5,Castro,90,CL,1543885200,87,-42.48,-73.76,55.4,6.93
6,Iqaluit,20,CA,1543885200,76,63.75,-68.52,-5.81,11.41
7,Rabak,0,SD,1543888994,36,13.18,32.74,68.09,11.34
8,Dudinka,20,RU,1543888917,48,69.41,86.18,-28.98,15.82
9,Kahului,20,US,1543884960,60,20.89,-156.47,82.04,20.8
10,Punta Arenas,20,CL,1543885200,65,-53.16,-70.91,44.6,29.97
11,Wagga Wagga,0,AU,1543885200,38,-35.12,147.37,73.4,12.75
12,Aklavik,90,CA,1543885200,73,68.22,-135.01,23,4.7
13,Butaritari,44,KI,1543888918,100,3.07,172.79,84.79,2.73
14,Muzhi,92,RU,1543888919,86,65.4,64.7,18.37,13.69
15,Hilo,75,US,1543884780,66,19.71,-155.08,78.98,8.05
16,Pangnirtung,68,CA,1543888919,86,66.15,-65.72,4.19,8.03
17,Ushuaia,40,AR,1543885200,61,-54.81,-68.31,48.2,12.75
18,Alugan,88,PH,1543888919,95,12.22,125.48,82.09,11.12
19,Cape Town,20,ZA,1543885200,82,-33.93,18.42,55.4,3.36
20,Genhe,32,CN,1543888920,52,50.78,121.52,-6.21,8.59
21,Porto-Vecchio,20,FR,1543887000,68,41.59,9.28,69.8,32.21
22,Kapaa,90,US,1543884960,76,22.08,-159.32,80.96,19.46
23,Busselton,12,AU,1543888920,92,-33.64,115.35,67.78,16.82
24,Tuktoyaktuk,90,CA,1543885200,92,69.44,-133.03,14,12.75
25,Cukai,75,MY,1543885200,100,4.25,103.42,78.8,3.36
26,Dikson,80,RU,1543888921,100,73.51,80.55,-0.81,38.52
27,Marysville,90,CA,1543888500,100,42.91,-82.49,32,23.04
28,Ust-Nera,36,RU,1543888922,0,64.57,143.24,-39.06,1.99
29,Atuona,56,PF,1543888922,100,-9.8,-139.03,79.39,8.59
30,Guarapari,75,BR,1543885200,88,-20.67,-40.5,71.6,10.45
31,Kincardine,0,GB,1543888200,100,56.07,-3.72,35.6,2.24
32,Libreville,40,GA,1543887000,88,0.39,9.45,80.6,6.93
33,General Roca,0,AR,1543885200,60,-39.03,-67.58,69.8,2.24
34,Hithadhoo,92,MV,1543888923,100,-0.6,73.08,81.82,6.87
35,Schleswig,8,DE,1543886400,81,54.52,9.57,44.6,13.87
36,Puerto Ayora,0,EC,1543888924,100,-0.74,-90.35,72.23,12.35
37,Rikitea,64,PF,1543888924,97,-23.12,-134.97,78.85,12.8
38,Ashtian,88,IR,1543888925,97,34.52,50,37,1.54
39,Cedar City,1,US,1543888380,67,37.68,-113.06,21.92,3.36
40,Kasongo,92,CD,1543888925,93,-4.43,26.67,69.98,2.06
41,Itarema,68,BR,1543888868,94,-2.92,-39.92,76.33,4.56
42,Shache,12,CN,1543888926,76,38.42,77.24,13.73,3.11
43,Mocuba,0,MZ,1543888926,90,-16.84,36.99,70.03,2.55
44,Port Pirie,0,AU,1543885200,64,-33.18,138.01,69.8,11.41
45,Nicoya,40,CR,1543885200,88,10.15,-85.45,78.8,3.36
46,Tuatapere,92,NZ,1543888927,100,-46.13,167.69,53.24,7.92
47,Airai,8,TL,1543888987,71,-8.93,125.41,82.94,0.83
48,Coahuayana,0,MX,1543888987,82,18.62,-100.35,62.24,2.1
49,Georgetown,75,GY,1543885200,88,6.8,-58.16,75.2,4.7
50,Praia da Vitoria,20,PT,1543885200,77,38.73,-27.07,59,29.01
51,Nikolskoye,75,RU,1543887000,92,59.7,30.79,28.4,4.47
52,Isangel,88,VU,1543888989,100,-19.55,169.27,79.16,13.58
53,Acapulco,40,MX,1543884420,83,16.86,-99.88,80.6,2.24
54,Haines Junction,0,CA,1543888990,71,60.75,-137.51,-1.12,1.83
55,Port Alfred,100,ZA,1543888990,97,-33.59,26.89,64.31,3
56,Hrusovany nad Jevisovkou,90,CZ,1543887000,100,48.83,16.4,37.4,1.12
57,Takoradi,0,GH,1543888990,100,4.89,-1.75,80.92,7.58
58,Khatanga,20,RU,1543888991,0,71.98,102.47,-30.87,3
59,Nishihara,40,JP,1543887000,72,35.74,139.53,61.34,4.7
60,Alihe,24,CN,1543888991,38,50.57,123.73,1.49,5.64
61,Vao,88,EE,1543888991,97,59.1,26.19,35.69,9.89
62,Port Augusta,0,AU,1543885200,64,-32.49,137.76,69.8,11.41
63,San Juan,20,PR,1543884960,84,18.47,-66.12,78.08,3.36
64,Vuktyl,92,RU,1543888993,79,63.86,57.31,18.41,7.02
65,Avarua,40,CK,1543885200,54,-21.21,-159.78,84.2,10.29
66,La Ronge,90,CA,1543885200,92,55.1,-105.3,21.2,2.24
67,Saldanha,20,PT,1543888994,86,41.42,-6.55,35.38,2.73
68,Qaanaaq,0,GL,1543888994,100,77.48,-69.36,-11.92,9.1
69,Mar del Plata,8,AR,1543888994,35,-46.43,-67.52,74.39,15.86
70,Bluff,8,AU,1543888994,48,-23.58,149.07,92.71,7.02
71,Cherskiy,48,RU,1543888994,78,68.75,161.3,-17.55,4.9
72,Adrar,0,DZ,1543885200,40,27.87,-0.29,53.6,11.41
73,Kajaani,90,FI,1543888200,85,64.22,27.73,24.8,11.41
74,Dauphin,40,CA,1543887840,92,51.15,-100.04,21.2,9.17
75,Carnarvon,0,ZA,1543888996,79,-30.97,22.13,46.94,3.4
76,Hammerfest,48,NO,1543886400,74,70.66,23.68,35.6,23.04
77,Hokitika,92,NZ,1543888996,100,-42.72,170.96,57.11,17.16
78,Mataura,76,NZ,1543888997,100,-46.19,168.86,62.24,4.23
79,Sawakin,100,SD,1543888997,100,19.1,37.33,73.72,2.33
80,Vila Franca do Campo,75,PT,1543887000,87,37.72,-25.43,60.8,12.75
81,Faanui,76,PF,1543888997,100,-16.48,-151.75,83.39,11.05
82,Marsh Harbour,0,BS,1543888998,100,26.54,-77.06,79.21,10.45
83,Moundsville,90,US,1543887000,88,39.92,-80.74,35.6,8.05
84,Meiringen,75,CH,1543888200,87,46.73,8.19,48.2,1.12
85,Amapa,20,HN,1543885200,78,15.09,-87.97,80.6,6.93
86,Ugoofaaru,24,MV,1543888999,100,5.67,73,83.39,6.31
87,Yeroham,80,IL,1543888999,95,30.99,34.93,54.64,4.12
88,Tiksi,44,RU,1543889000,75,71.64,128.87,-6.52,6.13
89,Bud,90,NO,1543886400,80,62.91,6.91,41,14.99
90,New Norfolk,75,AU,1543887000,48,-42.78,147.06,60.8,14.99
91,Havoysund,88,NO,1543886400,74,71,24.66,35.6,23.04
92,Narsaq,88,GL,1543889001,60,60.91,-46.05,3.25,3.22
93,Provideniya,75,RU,1543887000,79,64.42,-173.23,24.8,6.71
94,Norman Wells,75,CA,1543885200,92,65.28,-126.83,10.4,4.7
95,Sinaloa,20,MX,1543888620,25,32.55,-115.28,62.96,4.7
96,Kalmunai,88,LK,1543889062,98,7.42,81.82,78.98,4.52
97,Hamilton,90,CA,1543885200,100,43.26,-79.87,33.8,12.75
98,Arraial do Cabo,76,BR,1543889063,100,-22.97,-42.02,72.91,9.1
99,Portland,20,US,1543884960,67,45.52,-122.67,42.98,13.87
100,Hobart,75,AU,1543887000,48,-42.88,147.33,60.8,14.99
101,Hami,36,CN,1543889064,49,42.84,93.51,4.6,3.06
102,Kruisfontein,80,ZA,1543889064,100,-34,24.73,58.24,5.12
103,Eyrarbakki,90,IS,1543885200,85,63.86,-21.15,24.8,20.8
104,Sao Filipe,0,CV,1543889064,99,14.9,-24.5,74.8,11.27
105,Yellowknife,90,CA,1543885200,92,62.45,-114.38,21.2,6.93
106,Nurota,12,UZ,1543887000,93,40.56,65.69,35.6,9.17
107,Padang,20,ID,1543883400,88,-0.92,100.36,78.8,1.12
108,Prince George,90,CA,1543885200,79,53.92,-122.75,23,2.24
109,Baruun-Urt,32,MN,1543889066,43,46.68,113.28,-2.43,7.36
110,Cabo San Lucas,20,MX,1543884840,64,22.89,-109.91,71.6,8.05
111,Port Elizabeth,75,US,1543888440,65,39.31,-74.98,49.64,6.93
112,Mbanza-Ngungu,80,CD,1543889066,96,-5.25,14.87,68.77,2.73
113,Severo-Kurilsk,36,RU,1543889067,100,50.68,156.12,31.28,10.6
114,Setermoen,68,NO,1543886400,69,68.86,18.35,37.4,19.46
115,Saint George,0,GR,1543884600,93,39.45,22.34,39.2,2.1
116,Hay River,75,CA,1543885200,84,60.82,-115.79,8.6,2.24
117,Oyama,75,JP,1543885200,82,36.31,139.8,59,2.24
118,Ilulissat,8,GL,1543884600,40,69.22,-51.1,17.6,12.75
119,Anadyr,0,RU,1543887000,75,64.73,177.51,-14.81,15.66
120,Samagaltay,48,RU,1543889068,73,50.6,95,-5.4,2.06
121,Cidreira,0,BR,1543889069,76,-30.17,-50.22,57.88,6.8
122,Luderitz,0,NA,1543889069,83,-26.65,15.16,57.11,14.58
123,Aden,0,YE,1543888896,100,12.79,45.03,79.12,15.37
124,Vaini,32,IN,1543885200,82,15.34,74.49,66.2,6.64
125,Kavieng,36,PG,1543889070,100,-2.57,150.8,86.77,3.56
126,Bagdarin,8,RU,1543889070,24,54.44,113.59,-19.57,3.62
127,Palora,0,EC,1543889071,96,-1.7,-77.97,59.95,2.39
128,Bambous Virieux,20,MU,1543885200,88,-20.34,57.76,71.6,6.93
129,Rundu,64,NA,1543889071,82,-17.91,19.77,67.15,2.33
130,Boras,90,SE,1543886400,93,57.72,12.94,41,18.34
131,Lira,0,UG,1543889072,92,2.25,32.9,58.46,2.89
132,Rapid Valley,90,US,1543888380,88,44.06,-103.15,24.8,4.7
133,Lenger,64,KZ,1543887000,92,42.18,69.89,24.8,4.79
134,Touros,20,BR,1543885200,83,-5.2,-35.46,80.6,9.17
135,Moree,92,AU,1543885200,34,-29.46,149.84,84.2,5.82
136,Sergeyevka,88,KZ,1543889133,81,53.88,67.42,17.11,8.14
137,Fillan,75,NO,1543888200,86,63.6,8.98,39.2,16.11
138,Evensk,48,RU,1543889134,100,61.92,159.24,-0.76,7.92
139,Kichera,20,RU,1543889134,100,55.93,110.1,-16.69,4.34
140,Ballyhaunis,0,IE,1543889134,100,53.76,-8.77,31.69,5.35
141,Faya,5,SA,1543885200,87,18.39,42.45,53.6,2.62
142,Labuhan,80,ID,1543889135,83,-2.54,115.51,82.45,3.11
143,Dunedin,0,NZ,1543888890,79,-45.87,170.5,67.33,5.53
144,Yinchuan,0,CN,1543889097,51,38.48,106.21,15.94,5.53
145,Saskylakh,24,RU,1543889135,27,71.97,114.09,-18.18,4.79
146,Jurm,0,AF,1543889136,64,36.86,70.83,11.8,1.83
147,Kathu,0,ZA,1543889136,49,-27.7,23.05,54.46,8.88
148,Armstrong,90,CA,1543885200,74,50.44,-119.19,33.8,5.82
149,Huangnihe,0,CN,1543889137,38,43.56,128.02,14.05,6.08
150,Mahebourg,20,MU,1543885200,88,-20.41,57.7,71.6,6.93
151,Uthal,12,PK,1543889137,90,25.81,66.62,56.21,4.52
152,Ponta do Sol,92,BR,1543889138,91,-20.63,-46,67.06,6.58
153,Kodiak,90,US,1543886100,68,39.95,-94.76,28.4,6.93
154,Port Hawkesbury,90,CA,1543887000,93,45.62,-61.36,42.8,6.93
155,Guadalupe y Calvo,0,MX,1543889139,58,26.09,-106.96,41.05,2.06
156,Gimli,76,CA,1543889003,91,50.63,-96.99,20.08,9.1
157,Vila,0,IT,1543888200,100,45.18,8.4,44.6,6.93
158,Orchard Homes,90,US,1543888380,74,46.86,-114.05,28.04,1.88
159,Teguldet,8,RU,1543889140,0,57.31,88.17,-32.13,3.33
160,Ijui,0,BR,1543888887,57,-28.39,-53.91,55.58,4.23
161,Sulangan,0,PH,1543889140,100,11.14,123.72,82.36,12.8
162,Gamba,0,CN,1543889140,32,28.28,88.52,11.08,2.28
163,Vostok,8,RU,1543889141,65,46.45,135.83,20.48,3.89
164,Boa Vista,40,BR,1543885200,58,2.82,-60.67,82.4,6.93
165,Emborion,0,GR,1543889142,83,40.48,21.55,21.61,2.28
166,Oshkosh,90,US,1543888560,63,44.02,-88.54,28.94,5.82
167,Antofagasta,20,CL,1543885200,72,-23.65,-70.4,64.4,11.41
168,Jiangyan,92,CN,1543889143,100,32.51,120.12,51.98,16.15
169,Fallon,90,US,1543884960,88,46.84,-105.12,28.04,8.05
170,Basco,90,US,1543888500,82,40.33,-91.2,32,9.17
171,Kaitangata,24,NZ,1543889143,99,-46.28,169.85,60.85,6.87
172,Sembakung,12,ID,1543889144,64,3.82,117.25,88.84,2.62
173,Lebu,20,ET,1543885200,76,8.96,38.73,50,2.55
174,Yefremov,56,RU,1543889144,84,53.14,38.12,9.1,10.83
175,Barrow,8,AR,1543889144,94,-38.31,-60.23,47.89,4.63
176,Yabrud,75,SY,1543885200,76,33.97,36.66,53.6,11.41
177,Chokurdakh,48,RU,1543889145,72,70.62,147.9,-15.75,3
178,Madang,24,PG,1543889205,87,-5.21,145.81,84.25,3.56
179,College,90,US,1543886160,100,64.86,-147.8,30.2,6.02
180,Chuy,0,UY,1543889206,78,-33.69,-53.46,57.34,11.45
181,Shenjiamen,80,CN,1543889206,98,29.96,122.3,64.45,19.33
182,Tessalit,0,ML,1543889206,50,20.2,1.01,51.31,7.25
183,Noumea,0,NC,1543887000,38,-22.28,166.46,89.6,12.75
184,Nanortalik,76,GL,1543889207,97,60.14,-45.24,25.39,14.97
185,Ponta Delgada,75,PT,1543887000,87,37.73,-25.67,60.8,12.75
186,San Quintin,8,PH,1543889207,65,17.54,120.52,85.91,2.62
187,Axim,0,GH,1543889208,100,4.87,-2.24,82.58,10.38
188,Camacha,40,PT,1543887000,77,33.08,-16.33,64.4,13.87
189,Kiunga,44,PG,1543889208,86,-6.12,141.3,81.73,3
190,Tanout,0,NE,1543889208,36,14.97,8.88,62.24,13.62
191,Murchison,0,AU,1543889209,60,-36.62,145.22,74.66,7.43
192,Mandera,0,ET,1543889209,91,3.94,41.86,64.72,2.73
193,Pacific Grove,1,US,1543888500,60,36.62,-121.92,53.96,3.36
194,Tasiilaq,0,GL,1543884600,62,65.61,-37.64,19.4,9.17
195,Sarkikaraagac,80,TR,1543889210,100,38.08,31.37,39.88,2.28
196,Jamestown,0,AU,1543889211,42,-33.21,138.6,79.61,2.55
197,Cockburn Town,80,TC,1543888965,99,21.46,-71.14,80.83,17.49
198,Quepos,75,CR,1543885200,106,9.43,-84.16,68,5.82
199,Tomakomai,75,JP,1543887000,87,42.65,141.6,51.8,17.22
200,Caribou,90,US,1543888440,74,46.86,-68.01,28.04,16.11
201,Nelson Bay,75,AU,1543887000,60,-32.72,152.14,75.2,16.11
202,Nanchang,100,CN,1543889212,100,28.68,115.89,52.43,12.68
203,Patna,40,IN,1543887000,93,25.61,85.12,51.8,3.78
204,Cayenne,75,GF,1543887000,83,4.94,-52.33,80.6,8.05
205,Longyearbyen,75,NO,1543888200,74,78.22,15.63,35.6,31.09
206,Krasnyy Chikoy,8,RU,1543889213,56,50.36,108.75,-7.69,3.11
207,Jiuquan,68,CN,1543889214,72,39.73,98.49,14.77,1.1
208,Sitka,0,US,1543889214,72,37.17,-99.65,20.84,6.24
209,Saint-Augustin,90,FR,1543887000,93,44.83,-0.61,59,9.17
210,Khorramshahr,20,IR,1543885200,87,30.43,48.18,59,1.1
211,Mbutuy,0,PY,1543889215,64,-24.98,-56.34,64.81,5.3
212,Agirish,92,RU,1543889215,88,61.92,63.02,20.08,7.81
213,Christchurch,0,NZ,1543887000,34,-43.53,172.64,78.8,14.99
214,Nome,1,US,1543888500,52,30.04,-94.42,55.04,8.05
215,Sisimiut,76,GL,1543889215,100,66.94,-53.67,6.67,1.61
216,Waingapu,12,ID,1543889216,85,-9.65,120.26,84.7,4.9
217,San Patricio,0,PY,1543889216,84,-26.98,-56.83,58.78,2.06
218,Baiao,76,BR,1543889216,100,-2.79,-49.67,73.72,2.39
219,Vaitape,32,PF,1543889217,100,-16.52,-151.75,81.01,8.77
220,Upernavik,20,GL,1543889217,100,72.79,-56.15,19.45,10.04
221,Pechora,88,RU,1543889277,78,65.12,57.16,19.09,9.26
222,Comodoro Rivadavia,20,AR,1543885200,36,-45.87,-67.48,80.6,16.11
223,Sanchor,0,IN,1543889278,50,24.76,71.77,60.89,2.89
224,Sibolga,20,ID,1543889278,90,1.74,98.78,76.78,2.62
225,Nemuro,75,JP,1543885200,100,43.32,145.57,42.8,4.7
226,Revda,36,RU,1543889278,73,67.94,34.55,11.62,2.84
227,Road Town,20,VG,1543885200,78,18.42,-64.62,80.06,9.17
228,Durango,1,US,1543888380,87,37.28,-107.88,28.04,2.21
229,Maceio,40,BR,1543885200,94,-9.67,-35.74,77,4.7
230,Xuddur,0,SO,1543889279,87,4.12,43.89,59.5,3.06
231,Macamic,90,CA,1543885200,85,48.75,-79,15.8,10.29
232,Quatre Cocos,20,MU,1543885200,88,-20.21,57.76,71.6,6.93
233,Moba,56,CD,1543889280,100,-7.04,29.77,66.07,4.79
234,Kuliyapitiya,90,LK,1543885800,94,7.47,80.04,73.4,4.7
235,Purpe,24,RU,1543889281,40,64.48,76.69,-25.42,12.68
236,Mount Isa,20,AU,1543887000,11,-20.73,139.49,96.8,10.29
237,Clyde River,90,CA,1543885200,76,70.47,-68.59,-5.81,38.03
238,Kaseda,75,JP,1543887120,100,31.42,130.32,66.2,2.24
239,Umm Lajj,68,SA,1543889281,100,25.02,37.27,67.6,5.86
240,Broken Hill,0,AU,1543885200,31,-31.97,141.45,77,11.41
241,Khawhai,0,IN,1543889282,86,23.52,93.19,59.5,2.39
242,Honiara,80,SB,1543889282,93,-9.43,159.96,80.33,2.77
243,Kitui,68,KE,1543889283,88,-1.37,38.02,60.44,2.21
244,Saltpond,8,GH,1543889283,92,5.2,-1.06,73.58,2.77
245,Bethel,75,US,1543884960,84,60.79,-161.76,28.94,8.05
246,Kavaratti,32,IN,1543889284,100,10.57,72.64,83.03,4.29
247,Alice Springs,0,AU,1543887000,22,-23.7,133.88,87.8,10.29
248,Mahibadhoo,92,MV,1543889284,100,3.78,72.97,79.48,2.84
249,Victoria,75,BN,1543887000,74,5.28,115.24,87.8,4.7
250,Opuwo,0,NA,1543889285,46,-18.06,13.84,57.56,3.4
251,Weligama,12,LK,1543889285,98,5.97,80.42,81.14,9.6
252,Dhidhdhoo,8,MV,1543889285,100,6.88,73.1,82.63,1.77
253,Gatesville,1,US,1543888500,61,31.44,-97.74,48.2,8.14
254,Souillac,90,FR,1543887000,93,45.6,-0.6,57.2,6.93
255,Hasaki,75,JP,1543887000,82,35.73,140.83,60.8,3.36
256,Santiago,0,CL,1543885200,72,-33.44,-70.65,60.8,12.75
257,Kuching,75,MY,1543887000,94,1.56,110.34,78.8,3.36
258,Hobyo,68,SO,1543889288,88,5.35,48.53,78.04,14.36
259,Severnoye,76,RU,1543889288,85,54.09,52.54,17.11,5.57
260,Thompson,90,CA,1543885200,92,55.74,-97.86,19.4,3.36
261,Boyuibe,48,BO,1543889288,80,-20.43,-63.28,63.1,2.84
262,Naze,75,NG,1543885200,94,5.43,7.07,75.2,4
263,Concarneau,90,FR,1543887000,93,47.88,-3.92,53.6,11.41
264,Karpathos,88,GR,1543888200,82,35.51,27.21,59,16.11
265,Petropavlovsk-Kamchatskiy,0,RU,1543887000,55,53.05,158.65,8.6,6.71
266,Olavarria,0,AR,1543889289,37,-36.89,-60.32,59.63,10.16
267,Donghai,44,CN,1543889350,68,34.52,118.76,45.73,13.85
268,Pevek,48,RU,1543889350,98,69.7,170.27,-4.99,22.57
269,Asyut,0,EG,1543885200,62,27.18,31.19,51.8,4.7
270,Tautira,75,PF,1543887000,78,-17.73,-149.15,78.8,2.24
271,Ketchikan,1,US,1543884780,88,55.34,-131.65,30.92,5.82
272,Salalah,0,OM,1543884600,53,17.01,54.1,73.4,4.7
273,Jonesboro,90,US,1543887300,69,35.84,-90.7,39.92,11.41
274,Half Moon Bay,20,US,1543888560,68,37.46,-122.43,57.2,6.24
275,Gizo,40,IL,1543888200,77,31.8,34.94,64.4,9.17
276,Sao Joao da Barra,76,BR,1543889352,100,-21.64,-41.05,75.61,9.82
277,Saint-Georges,80,CA,1543889352,76,46.12,-70.67,25.75,7.36
278,Juliaca,40,PE,1543885200,18,-15.49,-70.13,53.6,8.05
279,Mlalo,44,TZ,1543889353,86,-4.58,38.35,64.76,2.21
280,Roald,24,NO,1543888200,64,62.58,6.12,39.2,19.46
281,Egvekinot,56,RU,1543889354,77,66.32,-179.17,-1.21,2.62
282,Havre-Saint-Pierre,90,CA,1543885200,86,50.23,-63.6,28.4,10.29
283,Prince Rupert,1,CA,1543885200,100,54.32,-130.32,32,3.36
284,Byron Bay,24,AU,1543887000,57,-28.65,153.62,86,11.41
285,Selenduma,12,RU,1543889355,67,50.92,106.24,-10.66,2.89
286,Senneterre,90,CA,1543885200,92,48.39,-77.24,17.6,11.41
287,Plettenberg Bay,24,ZA,1543889107,100,-34.05,23.37,59.59,4.85
288,Ancud,90,CL,1543885200,87,-41.87,-73.83,55.4,6.93
289,Zhigansk,0,RU,1543889356,0,66.77,123.37,-47.16,2.33
290,Adeje,0,NG,1543889356,92,5.68,5.76,75.16,5.53
291,Alofi,75,NU,1543885200,78,-19.06,-169.92,82.4,10.29
292,Walvis Bay,0,NA,1543885200,87,-22.95,14.51,59,9.17
293,Sioni,90,GE,1543887000,93,41.99,45.02,42.8,2.24
294,Roebourne,0,AU,1543889357,40,-20.77,117.15,86.18,6.91
295,Bubaque,0,GW,1543889357,100,11.28,-15.83,80.56,5.91
296,Lompoc,1,US,1543887300,58,34.64,-120.46,57.02,4.56
297,Ribeira Grande,56,PT,1543889357,99,38.52,-28.7,63.73,23.64
298,Pisco,90,PE,1543885200,88,-13.71,-76.2,68,16.11
299,Pedasi,0,PA,1543889358,100,7.53,-80.03,81.82,4.12
300,Hohhot,0,CN,1543885200,55,40.81,111.65,6.8,4.47
301,Nebolchi,80,RU,1543889358,87,59.12,33.35,27.86,8.37
302,Port Hardy,5,CA,1543885200,100,50.7,-127.42,30.2,4.7
303,Rio Gallegos,20,AR,1543885200,43,-51.62,-69.22,55.4,32.21
304,Codrington,12,AU,1543885200,54,-28.95,153.24,86,5.82
305,Benalla,0,AU,1543885200,35,-36.55,145.99,73.4,10.29
306,Guamuchil,0,MX,1543889360,74,25.47,-108.1,64.04,5.3
307,Aksu,0,KZ,1543887000,83,52.04,76.93,-9.41,6.71
308,Suntar,44,RU,1543889360,0,62.16,117.65,-36.36,4.74
309,Jinhua,80,CN,1543889361,98,29.11,119.65,60.04,6.08
310,Vanimo,64,PG,1543889361,100,-2.67,141.3,83.98,8.55
311,Teguise,0,ES,1543887000,55,29.06,-13.56,60.8,4.7
312,Atikokan,0,CA,1543889361,77,48.76,-91.62,8.56,3.56
313,Sujangarh,24,IN,1543889422,69,27.7,74.46,51.08,3.06
314,Sao Felix do Xingu,92,BR,1543889422,100,-6.64,-51.99,71.29,2.06
315,Vila Velha,40,BR,1543885200,88,-3.71,-38.6,80.6,6.93
316,The Valley,20,AI,1543885200,69,18.22,-63.06,80.6,6.93
317,Nanakuli,90,US,1543886460,90,21.39,-158.15,82.04,4.7
318,Namatanai,68,PG,1543889423,96,-3.66,152.44,85.64,6.31
319,Geraldton,90,CA,1543885200,78,49.72,-86.95,15.8,6.93
320,San,0,ML,1543889302,62,13.3,-4.9,58.69,4.12
321,Vestmannaeyjar,88,IS,1543889424,100,63.44,-20.27,34.34,14.7
322,Halifax,90,CA,1543886760,100,44.65,-63.58,44.6,13.87
323,Bom Jesus,20,BR,1543885200,83,-5.99,-35.58,80.6,9.17
324,Boyle,0,IE,1543889425,90,53.97,-8.3,31.42,4.56
325,Langsa,24,ID,1543889425,85,4.47,97.97,80.02,2.84
326,Innisfail,20,CA,1543885200,67,52.02,-113.95,19.4,6.93
327,Luau,80,CD,1543889426,99,-10.7,22.23,64.09,2.62
328,Khrebtovaya,56,RU,1543889426,64,56.71,104.25,-14.89,3.51
329,Ornskoldsvik,92,SE,1543888200,98,63.29,18.72,35.6,10.29
330,Jaguarari,64,BR,1543889426,95,-10.26,-40.2,69.67,3.62
331,Guerrero Negro,8,MX,1543889427,94,27.97,-114.04,57.88,2.51
332,Esperance,20,TT,1543885200,94,10.24,-61.45,77,5.57
333,Yarmouth,0,GB,1543884600,93,50.71,-1.5,39.2,3.36
334,Redmond,1,US,1543888560,75,47.67,-122.12,42.98,4.7
335,Porto Novo,75,BR,1543885200,88,-23.68,-45.44,64.4,5.82
336,Ngaoundere,32,CM,1543889428,53,7.32,13.58,61.88,6.35
337,Mogadishu,48,SO,1543889428,99,2.04,45.34,80.51,12.91
338,Manadhoo,20,MV,1543889428,100,5.77,73.38,82.81,2.06
339,Najran,0,SA,1543885200,62,17.54,44.22,55.4,2.62
340,Soyo,68,AO,1543889429,95,-6.13,12.37,74.39,2.84
341,Buchanan,75,LR,1543885200,94,5.88,-10.05,77,7.02
342,Nosy Varika,92,MG,1543889429,100,-20.58,48.53,71.92,2.06
343,Huarmey,8,PE,1543889430,87,-10.07,-78.15,55.31,3.85
344,Barranca,68,PE,1543889234,99,-10.75,-77.76,65.66,13.4
345,Lavrentiya,44,RU,1543889430,100,65.58,-170.99,16.48,13.47
346,Madisonville,90,US,1543888560,85,37.33,-87.5,37.04,8.05
347,Yaan,12,NG,1543889430,76,7.38,8.57,71.83,5.64
348,Port Lincoln,0,AU,1543889431,74,-34.72,135.86,70.3,7.43
349,Klaksvik,68,FO,1543888200,100,62.23,-6.59,32,11.41
350,Bilibino,32,RU,1543889431,38,68.06,166.44,-25.65,2.33
351,Batagay,20,RU,1543889432,0,67.65,134.64,-53.77,3.56
352,Jinchang,0,CN,1543889432,54,38.52,102.19,13.96,0.76
353,Nyurba,48,RU,1543889433,0,63.29,118.35,-38.07,4
354,Trudarmeyskiy,20,RU,1543889433,72,54.13,86.41,-10.8,7.43
355,Gedo,88,ET,1543889433,70,9.01,37.45,51.53,2.62
356,Puro,64,PH,1543889433,84,13.13,123.76,82.49,7.02
357,Kungurtug,20,RU,1543889434,60,50.6,97.53,-17.46,2.62
358,Isiolo,76,KE,1543889434,92,0.35,37.58,65.66,1.72
359,Sarka Ghat,8,IN,1543889434,74,31.7,76.73,41.09,1.83
360,Fairbanks,90,US,1543886160,100,64.84,-147.72,30.2,6.02
361,Kasiri,0,SL,1543885200,78,8.94,-13.11,78.8,3.36
362,Puerto Escondido,75,MX,1543884000,74,15.86,-97.07,84.2,7.25
363,Victor Harbor,20,AU,1543887000,64,-35.55,138.62,68,6.93
364,Viedma,92,AR,1543889495,46,-40.81,-62.99,59.99,12.57
365,Ino,75,JP,1543885200,88,33.55,133.43,66.2,5.82
366,Clarence Town,75,AU,1543887000,60,-32.59,151.78,75.2,16.11
367,Zyryanka,44,RU,1543889496,72,65.73,150.89,-16.02,2.28
368,Balotra,0,IN,1543889497,61,25.83,72.24,57.29,7.36
369,Port Blair,0,IN,1543889497,95,11.67,92.75,85.28,13.91
370,Ilebo,12,CD,1543889497,94,-4.33,20.59,71.56,2.21
371,Los Chiles,24,CR,1543889498,86,11.04,-84.71,74.26,3.22
372,Bossangoa,36,CF,1543889498,58,6.5,17.45,73.49,5.01
373,Bitkine,12,TD,1543889498,35,11.98,18.21,64.54,7.25
374,Morant Bay,20,JM,1543888800,65,17.88,-76.41,80.6,3.36
375,Marawi,48,PH,1543889499,63,8,124.29,83.44,1.54
376,Sinnamary,92,GF,1543889499,100,5.38,-52.96,76.33,8.66
377,Yumen,68,CN,1543889499,69,40.29,97.04,13.19,3.56
378,Lazarev,48,RU,1543889500,69,52.23,141.51,19.04,9.37
379,Kaputa,80,ZM,1543889500,99,-8.47,29.66,63.73,2.21
380,San Cristobal,75,EC,1543885200,76,-0.39,-78.55,57.2,6.93
381,Verkhnyaya Inta,76,RU,1543889501,85,65.99,60.32,17.11,2.33
382,Aswan,0,EG,1543885200,54,24.09,32.9,57.2,6.93
383,Rawson,8,AR,1543889502,35,-43.3,-65.11,67.73,14.14
384,Astoria,1,US,1543884900,70,46.19,-123.83,44.06,8.05
385,Hofn,8,IS,1543889503,100,64.25,-15.21,25.88,3.51
386,Bathsheba,75,BB,1543886340,83,13.22,-59.52,75.2,28.86
387,Wilmington,1,US,1543888560,82,39.75,-75.55,50,6.93
388,Tazovskiy,64,RU,1543889503,33,67.47,78.7,-21.91,17.49
389,Alikalia,0,SL,1543889503,74,9.15,-11.39,64.81,1.83
390,Katsuura,75,JP,1543887000,93,33.93,134.5,69.8,9.17
391,Cam Ranh,20,VN,1543887000,84,11.92,109.15,86,13.87
392,High Level,36,CA,1543889504,85,58.52,-117.13,11.66,3.62
393,Rockland,75,US,1543888560,58,42.13,-70.92,48.02,6.93
394,Yelizovo,0,RU,1543887000,55,53.19,158.38,8.6,6.71
395,Pingxiang,100,CN,1543889505,100,27.63,113.85,52.16,3.51
396,Goya,0,AR,1543889505,80,-29.14,-59.27,61.66,2.89
397,Babol,90,IR,1543885200,87,36.55,52.68,55.4,9.17
398,Castlemaine,8,IE,1543889506,96,52.17,-9.7,36.28,2.51
399,Tadine,48,NC,1543889506,89,-21.55,167.88,80.02,12.39
400,Knysna,80,ZA,1543888800,100,-34.04,23.05,57.2,1.12
401,Kortkeros,90,RU,1543887000,92,61.81,51.56,23,6.71
402,Lixourion,68,GR,1543889507,100,38.2,20.43,60.26,5.01
403,Gat,0,SN,1543887000,64,14.69,-16.54,71.6,11.41
404,Srednekolymsk,64,RU,1543889507,63,67.46,153.71,-13.27,2.73
405,Garowe,0,SO,1543889567,87,8.41,48.48,61.43,6.02
406,Terra Nova,75,BR,1543885200,94,-12.41,-38.62,80.6,4.7
407,Gorontalo,36,ID,1543889568,100,0.54,123.06,81.73,2.33
408,Maryville,90,US,1543888500,68,40.35,-94.87,28.4,8.05
409,Kamina,88,CD,1543889569,97,-8.74,25,66.16,3.78
410,Mashhad,32,IR,1543888800,100,36.3,59.61,39.2,4.7
411,La Orilla,0,MX,1543889569,100,18,-102.23,73.18,3
412,Ouallam,48,NE,1543889569,27,14.32,2.08,66.97,9.37
413,Khuzhir,12,RU,1543889570,100,53.19,107.35,-11.29,6.31
414,Impfondo,56,CD,1543889570,100,1.62,18.06,70.66,2.33
415,Talaya,0,RU,1543887000,67,55.79,84.89,-25.61,2.24
416,Mehamn,44,NO,1543889571,100,71.03,27.85,31.64,17.49
417,Berlevag,76,NO,1543889571,100,70.86,29.09,31.91,17.43
418,Lundamo,90,NO,1543888200,93,63.15,10.29,39.2,25.28
419,Arthur,90,US,1543888500,92,41.57,-101.69,23.54,3.06
420,Lingao,0,CN,1543889572,78,19.91,109.69,81.01,5.57
421,Shelburne,90,CA,1543887180,79,44.08,-80.2,32,6.93
422,Yulara,92,AU,1543885200,69,-25.24,130.99,77,6.93
423,San Jose,80,PH,1543889395,82,15.79,120.99,79.66,3.51
424,Northam,20,GB,1543888200,93,51.04,-4.21,42.8,3.36
425,Llanes,36,ES,1543889574,92,43.42,-4.75,44.06,2.77
426,Moron,80,VE,1543889574,93,10.49,-68.2,67.6,2.77
427,Carmen,0,PH,1543889575,56,7.2,124.8,91.04,1.72
428,Caserta,75,IT,1543888200,93,41.08,14.33,59,2.24
429,East London,92,ZA,1543889575,100,-33.02,27.91,66.61,4.85
430,Pedernales,68,EC,1543889576,89,0.07,-80.05,71.24,6.91
431,Kijang,75,KR,1543888800,82,35.24,129.21,60.8,12.75
432,Nuuk,48,GL,1543888200,62,64.17,-51.74,24.8,16.11
433,Kimbe,36,PG,1543889577,100,-5.56,150.15,84.11,4.52
434,Carutapera,88,BR,1543889577,97,-1.2,-46.02,78.04,2.73
435,Poya,8,NC,1543889577,90,-21.35,165.16,79.84,17.09
436,Jerome,1,US,1543888620,37,34.75,-112.11,41,4.7
437,Bundaberg,75,AU,1543885200,66,-24.87,152.35,84.2,8.05
438,Silver City,1,US,1543887300,63,32.77,-108.28,32.9,8.05
439,Beringovskiy,32,RU,1543889579,100,63.05,179.32,0.1,23.09
440,La Plata,0,AR,1543888800,59,-34.92,-57.95,73.4,6.93
441,Santa Branca,75,BR,1543888800,93,-23.4,-45.88,66.2,4.7
442,Paita,12,PE,1543889580,92,-5.09,-81.11,64.27,6.08
443,Port Macquarie,48,AU,1543885200,36,-31.43,152.91,80.6,14.99
444,Bereda,90,ES,1543887000,93,43.27,-7.54,59,3.36
445,Itoman,40,JP,1543888980,74,26.12,127.67,83.84,9.17
446,Balkhash,0,KZ,1543889581,100,46.84,74.98,11.39,16.15
447,Ipixuna,75,BR,1543888800,88,-1.76,-48.8,78.8,3.36
448,Coxim,0,BR,1543889581,55,-18.5,-54.75,71.51,5.75
449,Aykhal,24,RU,1543889581,37,65.95,111.51,-25.47,7.09
450,Inhambane,0,MZ,1543889582,95,-23.87,35.38,75.07,12.39
451,Novovarshavka,0,RU,1543889642,66,54.17,74.7,-14.04,5.3
452,Gannan,0,CN,1543889642,28,47.92,123.49,8.92,13.4
453,Lufilufi,40,WS,1543888800,66,-13.87,-171.6,89.6,10.29
454,Bandarbeyla,76,SO,1543889643,100,9.49,50.81,78.31,20.11
455,Ocos,40,GT,1543887600,94,14.51,-92.19,77,3.06
456,Buin,0,CL,1543888800,77,-33.73,-70.74,59,11.41
457,Lyubech,88,UA,1543889644,98,51.7,30.66,32.59,15.14
458,Kologriv,88,RU,1543889644,88,58.83,44.31,19.76,7.76
459,Bitung,40,ID,1543887000,74,1.44,125.19,87.8,3.36
460,Margate,75,AU,1543887000,48,-43.03,147.26,60.8,14.99
461,Marsa Matruh,20,EG,1543885200,87,31.35,27.25,53.6,5.82
462,Kovernino,64,RU,1543889645,90,57.13,43.81,15.85,9.93
463,Garden City,1,US,1543888380,60,40.73,-73.63,48.92,12.75
464,Kilrush,20,IE,1543888800,80,51.96,-8.06,39.2,4.7
465,Montepuez,8,MZ,1543889646,96,-13.13,39,68.18,2.89
466,Dingle,20,PH,1543889647,73,11,122.67,85.42,7.87
467,Rivera,8,UY,1543889647,65,-30.9,-55.54,52.84,4.12
468,Mizdah,0,LY,1543889647,88,31.45,12.98,43.93,8.77
469,Ouango,12,CD,1543889648,100,4.31,22.55,68.54,2.39
470,Okhotsk,80,RU,1543889648,100,59.36,143.24,14.18,28.9
471,Fort-Shevchenko,32,KZ,1543889648,100,44.51,50.26,34.43,8.25
472,Ler,90,NO,1543888200,93,63.2,10.3,39.2,25.28
473,Ostrovnoy,76,RU,1543889649,90,68.05,39.51,22.15,11.83
474,Ballina,0,IE,1543889649,100,54.11,-9.15,31.69,5.35
475,Izvestkovyy,12,RU,1543889649,42,48.98,131.55,8.06,2.51
476,Puerto Madryn,0,AR,1543889650,76,-42.77,-65.04,59.14,13.91
477,Jamui,0,IN,1543889650,78,24.93,86.23,65.35,4.63
478,Venezuela,0,CU,1543889650,92,21.74,-78.8,76.15,5.91
479,Zehdenick,75,DE,1543888200,87,52.98,13.33,50,9.17
480,Lamu,88,ID,1543889651,91,0.57,122.3,81.14,0.76
481,Rudnyy,40,KZ,1543887000,85,52.96,63.12,12.2,8.95
482,Raudeberg,80,NO,1543888200,69,61.99,5.14,39.2,29.97
483,Saint-Louis,36,CH,1543888200,81,47.59,7.56,53.6,11.41
484,Ratnagiri,48,IN,1543889652,100,16.98,73.3,80.33,8.14
485,Ucluelet,5,CA,1543885200,93,48.94,-125.55,35.6,3.36
486,Pierre,90,US,1543888380,77,44.37,-100.35,24.08,3.36
487,Itaituba,48,BR,1543889653,97,-4.26,-55.99,74.8,2.06
488,Puerto Quijarro,0,BO,1543889653,82,-19,-57.72,70.34,2.89
489,Dickinson,90,US,1543888560,84,46.88,-102.79,26.06,5.82
490,Tarakan,64,ID,1543889653,84,3.3,117.63,86.09,3.62
491,Gewane,0,ET,1543889653,85,10.16,40.66,54.23,2.51
492,Makarov,92,RU,1543889654,100,48.62,142.78,34.21,7.09
493,Grand-Lahou,0,CI,1543889714,93,5.24,-5,75.29,3.62
494,Rorvik,92,NO,1543889714,100,64.86,11.24,38.17,4.12
495,Osterholz-Scharmbeck,20,DE,1543888200,93,53.23,8.79,44.6,11.41
496,Fukue,75,JP,1543888800,93,35.03,136.69,60.8,2.24
497,Ramenskoye,75,RU,1543887000,79,55.57,38.23,23,8.95
498,Nhulunbuy,20,AU,1543887000,44,-12.18,136.78,96.8,13.87
499,Seydi,0,NE,1543889716,38,13.34,7.75,61.48,11.12
500,Kieta,48,PG,1543889716,86,-6.22,155.63,85.06,4.34
501,Sistranda,75,NO,1543888200,86,63.73,8.83,39.2,16.11
502,Longonjo,88,AO,1543889717,97,-12.91,15.25,62.29,2.89
503,Pangai,75,TO,1543888800,83,-19.8,-174.35,84.2,8.05
504,Kiama,75,AU,1543885200,64,-34.67,150.86,69.8,14.99
505,Sundsvall,92,SE,1543888200,100,62.39,17.31,39.2,6.93
506,Homer,1,US,1543888380,95,59.64,-151.54,32,6.24
507,Vitim,44,RU,1543889718,35,59.44,112.57,-24.3,2.51
508,Constitucion,5,MX,1543887840,19,23.99,-104.67,60.8,2.24
509,Bad Durrheim,75,DE,1543888200,93,48.02,8.53,48.2,8.05
510,Shingu,75,JP,1543888800,83,33.72,135.99,71.6,10.29
511,Shakawe,48,BW,1543889719,91,-18.36,21.84,65.03,3.56
512,Casambalangan,88,PH,1543889719,100,18.38,122.13,81.41,18.39
513,Abashiri,75,JP,1543888800,62,44.01,144.25,51.8,14.99
514,Grindavik,75,IS,1543888800,100,63.84,-22.43,32,8.05
515,Skibotn,40,NO,1543888200,64,69.39,20.27,39.2,24.16
516,Xichang,8,CN,1543889720,52,27.88,102.25,41.99,1.88
517,Atar,0,MR,1543889720,49,20.52,-13.05,52.88,6.35
518,Buta,92,CD,1543889721,99,2.79,24.73,72.19,2.39
519,Teya,40,MX,1543888380,62,21.05,-89.07,84.2,6.93
520,Winchester,0,GB,1543888200,93,51.06,-1.31,39.2,4.7
521,Kang,8,BW,1543889722,24,-23.67,22.79,65.17,6.24
522,Joensuu,90,FI,1543888200,92,62.6,29.76,19.4,9.17
523,Ayan,56,TR,1543889723,79,40.67,33.6,26.2,2.21
524,Shalinskoye,56,RU,1543889723,30,55.72,93.76,-20.97,6.91
525,Banting,75,MY,1543887000,79,2.82,101.5,84.2,2.21
526,Puerto El Triunfo,0,SV,1543888200,100,13.27,-88.55,75.2,1.12
527,Rome,40,IT,1543888200,93,41.89,12.48,60.8,3.36
528,Krasne,0,UA,1543888800,86,49.91,24.61,41,6.71
529,Coruripe,44,BR,1543889724,98,-10.12,-36.18,79.21,15.93
530,Caravelas,92,BR,1543889725,100,-17.73,-39.27,74.53,12.8
531,Komsomolskiy,36,RU,1543889725,83,67.55,63.78,16.12,14.07
532,Atambua,0,ID,1543889725,100,-9.11,124.89,83.93,4.12
533,Redwater,20,CA,1543885200,78,53.95,-113.11,17.6,8.05
534,Mucurapo,20,TT,1543888800,100,10.67,-61.53,75.2,14.92
535,Rock Sound,68,BS,1543889643,100,24.9,-76.2,75.56,5.08
536,Cururupu,76,BR,1543889726,97,-1.82,-44.87,76.28,2.73
537,Gayny,92,RU,1543889726,84,60.3,54.33,17.2,7.65
538,Hearst,24,CA,1543889727,79,49.69,-83.67,6.58,3
539,Birjand,0,IR,1543888800,59,32.86,59.22,37.4,9.17
540,Yatou,75,CM,1543885200,100,3.63,9.81,78.8,3.36
541,Huanren,0,CN,1543889788,49,41.26,125.37,20.62,4.41
542,Gernsheim,75,DE,1543888560,58,49.75,8.49,51.8,6.93
543,Dorogino,24,RU,1543889788,64,54.36,83.32,-13.81,6.35
544,Durres,75,AL,1543888200,93,41.32,19.44,44.6,7.36
545,Kyzyl-Suu,0,KG,1543889789,100,42.34,78,24.67,5.3
546,Flin Flon,64,CA,1543889789,86,54.77,-101.88,19.9,4.41
547,Borodino,48,RU,1543889789,71,55.9,94.89,-16.42,4.74
548,Jalu,20,LY,1543889789,93,29.03,21.55,47.89,5.75
549,Moussoro,24,TD,1543889790,26,13.64,16.49,66.43,9.66
550,Kerema,0,PG,1543889790,37,-7.96,145.78,94.96,4.52
551,Conway,90,US,1543888500,74,35.09,-92.44,39.92,6.93
552,Verkh-Usugli,0,RU,1543889790,56,52.7,115.17,-13.54,3.11
553,Hualmay,32,PE,1543889791,93,-11.1,-77.61,57.11,5.35
554,Willowmore,0,ZA,1543889791,96,-33.3,23.49,46.31,2.06
555,Siderno,75,IT,1543884900,82,38.28,16.3,57.2,10.29
556,Mawlaik,64,MM,1543889791,81,23.63,94.42,66.25,2.62
557,Gwembe,8,ZM,1543889792,68,-16.5,27.61,70.3,4.52
558,Coihueco,0,CL,1543888800,93,-36.63,-71.83,55.4,5.82
559,Talnakh,24,RU,1543889792,0,69.49,88.39,-36.18,6.02
560,Coquimbo,0,CL,1543888800,82,-29.95,-71.34,59,4.7
561,Houma,0,CN,1543889793,59,35.63,111.36,34.3,3.51
562,Awjilah,0,LY,1543889793,92,29.14,21.3,44.92,3
563,Clinton,1,US,1543888500,54,30.87,-91.02,53.96,6.93
564,Kosonsoy,80,UZ,1543887000,69,41.25,71.55,32,4.7
565,Arua,68,UG,1543889795,96,3.02,30.91,65.44,1.28
566,Dumas,20,IN,1543888800,68,21.09,72.71,69.8,4.7
567,Samarai,48,PG,1543889795,100,-10.62,150.67,82.76,6.31
568,Dabakala,0,CI,1543889796,76,8.36,-4.43,69.49,2.77